author,messages
A,u,t,h,o,r,1
G,e,r,m,a,n, ,C,h,a,n,c,e,l,l,o,r, ,A,n,g,e,l,a, ,M,e,r,k,e,l,#,1,2,7,5,2
H,o,u,r,L,o,n,g,#,0,1,8,6,1
G,y,p,s,y,S,p,r,i,t,e,#,5,2,8,0,1
B,e,n,e,l,u,x,#,5,5,1,9,1
D,a,m,i,s,t,a,c,l,e,s,#,9,2,1,8,1176
B,r,a,s,s,b,a,n,d,#,5,8,7,7,188
H,a,s,t,u,r,#,0,5,1,7,951
p,e,l,e,f,#,1,7,0,2,645
d,a,b,B,o,t,#,0,5,6,3,156
S,m,o,o,t,h,M,o,v,e,s,P,I,E,#,5,2,7,2,306
C,h,i,n,n,y,#,3,0,4,4,93
c,o,h,b,e,a,r,#,7,5,6,0,3
A,v,r,a,e,#,6,9,4,4,2
M,a,t,p,e,d,#,3,1,3,5,254
R,o,l,l,o,B,o,t,#,5,0,9,0,69
D,e,l,e,t,e,d, ,U,s,e,r,#,0,0,0,0,39
B,i,l,l,B,e,a,r,#,5,5,9,8,2003
J,a,z,o,r,a,#,0,3,4,2,269
k,a,y,a,#,7,0,0,7,1
H,o,n,o,r,#,7,0,7,7,14
A,n,c,e,s,t,r,a,l, ,P,o,t,a,t,o,#,2,0,7,1,2
Q,u,i,n,d,a,r,i,o,u,s,_,G,o,o,c,h,#,4,3,4,1,10
J,d,a,e,#,4,1,1,9,51
P,r,o,s,i,t,#,0,7,0,0,1
M,a,r,t,i,n,B,l,o,m,#,5,5,9,5,4
U,l,r,i,c,h,T,h,e,A,x,e,#,0,5,8,1,67
G,r,o,o,v,y,#,7,2,5,4,8
j,e,n,n,y,b,e,a,n,s,#,8,4,6,4,33
